timestamp,difficulty,level,maze_seed,completion_time_s,path_length_px,ideal_distance_px,min_path_distance_px,path_efficiency,peak_speed_px_s,mean_speed_px_s,normalised_jerk,tremor_index,rom_width_px,rom_height_px
2026-09-22 00:06:38,Medium,Procedural Medium,54321,0.099,947.2,943.4,943.4,0.996,15151.5,14351.7,0.0,0.0,800.0,500.0
2026-09-22 00:06:38,Easy,Easy-1,FIXED,0.099,947.2,943.4,943.4,0.996,15151.5,14351.7,0.0,0.0,800.0,500.0
2026-09-22 00:47:47,Easy,TestCorridor,FIXED,0.064,200.0,167.3,167.3,167.3,200.0,200.0,100.0,1.0,92.7,11.7,22.4,15.8,0.0,0.0,0,100.0,4204.3,3484.8,89.9,89.9,0.0,0.0,145.0,50.0
2026-09-22 00:47:47,Easy,TestCorridor,FIXED,0.064,200.0,167.3,167.3,167.3,200.0,200.0,100.0,1.0,92.7,11.7,22.4,15.8,0.0,0.0,0,100.0,4204.3,3484.8,89.9,89.9,0.0,0.0,145.0,50.0
2026-09-22 00:47:59,Easy,TestCorridor,FIXED,0.064,200.0,167.3,167.3,167.3,200.0,200.0,100.0,1.0,92.7,11.7,22.4,15.8,0.0,0.0,0,100.0,4204.3,3484.8,89.9,89.9,0.0,0.0,145.0,50.0
2026-09-22 00:47:59,Easy,TestCorridor,FIXED,0.064,200.0,167.3,167.3,167.3,200.0,200.0,100.0,1.0,92.7,11.7,22.4,15.8,0.0,0.0,0,100.0,4204.3,3484.8,89.9,89.9,0.0,0.0,145.0,50.0
2026-09-22 00:54:40,Easy,Easy-1: Gentle Flow,FIXED,0.198,877.4,1532.8,1532.8,1532.8,833.5,877.4,57.2,0.572,100.0,0.0,0.0,0.0,0.0,0.0,0,100.0,9929.5,9289.5,59.7,59.7,96.0308,0.0,720.0,420.0
2026-09-22 00:55:58,Easy,Easy-1: Gentle Flow,FIXED,0.198,877.4,1532.8,1532.8,1532.8,833.5,877.4,57.2,0.572,100.0,0.0,0.0,0.0,0.0,0.0,0,100.0,9929.5,9289.5,59.7,59.7,96.0308,0.0,720.0,420.0
2026-09-22 00:56:23,Easy,Easy-1: Gentle Flow,FIXED,0.198,877.4,1532.8,1532.8,1532.8,833.5,877.4,57.2,0.572,100.0,0.0,0.0,0.0,0.0,0.0,0,100.0,9929.5,9289.5,59.7,59.7,96.0308,0.0,720.0,420.0
2026-09-22 01:01:46,Easy,TestCorridor,FIXED,0.064,200.0,167.3,167.3,167.3,200.0,200.0,100.0,1.0,92.7,11.7,22.4,15.8,0.0,0.0,0,100.0,4204.3,3484.8,89.9,89.9,0.0,0.0,145.0,50.0
2026-09-22 01:01:46,Easy,TestCorridor,FIXED,0.064,200.0,167.3,167.3,167.3,200.0,200.0,100.0,1.0,92.7,11.7,22.4,15.8,0.0,0.0,0,100.0,4204.3,3484.8,89.9,89.9,0.0,0.0,145.0,50.0
2026-09-22 01:01:57,Easy,Easy-1: Gentle Flow,FIXED,0.198,877.4,1532.8,1532.8,1532.8,833.5,877.4,57.2,0.572,100.0,0.0,0.0,0.0,0.0,0.0,0,100.0,9929.5,9289.5,59.7,59.7,96.0308,0.0,720.0,420.0
2026-09-22 01:02:39,Easy,Easy-1: Gentle Flow,FIXED,0.198,877.4,1532.8,1532.8,1532.8,833.5,877.4,57.2,0.572,100.0,0.0,0.0,0.0,0.0,0.0,0,100.0,9929.5,9289.5,59.7,59.7,96.0308,0.0,720.0,420.0
2026-09-22 01:03:01,Easy,Easy-1: Gentle Flow,FIXED,0.198,877.4,1532.8,1532.8,1532.8,833.5,877.4,57.2,0.572,100.0,0.0,0.0,0.0,0.0,0.0,0,100.0,9929.5,9289.5,59.7,59.7,96.0308,0.0,720.0,420.0
2026-09-22 01:03:16,Easy,TestCorridor,FIXED,0.064,200.0,167.3,167.3,167.3,200.0,200.0,100.0,1.0,92.7,11.7,22.4,15.8,0.0,0.0,0,100.0,4204.3,3484.8,89.9,89.9,0.0,0.0,145.0,50.0
2026-09-22 01:03:16,Easy,TestCorridor,FIXED,0.064,200.0,167.3,167.3,167.3,200.0,200.0,100.0,1.0,92.7,11.7,22.4,15.8,0.0,0.0,0,100.0,4204.3,3484.8,89.9,89.9,0.0,0.0,145.0,50.0
2026-09-22 01:07:32,Easy,TestCorridor,FIXED,0.064,200.0,167.3,167.3,167.3,200.0,200.0,100.0,1.0,92.7,11.7,22.4,15.8,0.0,0.0,0,100.0,4204.3,3484.8,89.9,89.9,0.0,0.0,145.0,50.0
2026-09-22 01:07:32,Easy,TestCorridor,FIXED,0.064,200.0,167.3,167.3,167.3,200.0,200.0,100.0,1.0,92.7,11.7,22.4,15.8,0.0,0.0,0,100.0,4204.3,3484.8,89.9,89.9,0.0,0.0,145.0,50.0
2026-09-22 01:07:48,Easy,TestCorridor,FIXED,0.064,200.0,167.3,167.3,167.3,200.0,200.0,100.0,1.0,92.7,11.7,22.4,15.8,0.0,0.0,0,100.0,4204.3,3484.8,89.9,89.9,0.0,0.0,145.0,50.0
2026-09-22 01:07:48,Easy,TestCorridor,FIXED,0.064,200.0,167.3,167.3,167.3,200.0,200.0,100.0,1.0,92.7,11.7,22.4,15.8,0.0,0.0,0,100.0,4204.3,3484.8,89.9,89.9,0.0,0.0,145.0,50.0
2026-09-22 01:08:20,Easy,TestCorridor,FIXED,0.064,200.0,167.3,167.3,167.3,200.0,200.0,100.0,1.0,92.7,11.7,22.4,15.8,0.0,0.0,0,100.0,4204.3,3484.8,89.9,89.9,0.0,0.0,145.0,50.0
2026-09-22 01:08:20,Easy,TestCorridor,FIXED,0.064,200.0,167.3,167.3,167.3,200.0,200.0,100.0,1.0,92.7,11.7,22.4,15.8,0.0,0.0,0,100.0,4204.3,3484.8,89.9,89.9,0.0,0.0,145.0,50.0
2026-09-22 01:08:37,Easy,Easy-1: Gentle Flow,FIXED,0.198,877.4,1532.8,1532.8,1532.8,833.5,877.4,57.2,0.572,100.0,0.0,0.0,0.0,0.0,0.0,0,100.0,9929.5,9289.5,59.7,59.7,96.0308,0.0,720.0,420.0
2026-09-22 01:09:10,Easy,Easy-1: Gentle Flow,FIXED,0.198,877.4,1532.8,1532.8,1532.8,833.5,877.4,57.2,0.572,100.0,0.0,0.0,0.0,0.0,0.0,0,100.0,9929.5,9289.5,59.7,59.7,96.0308,0.0,720.0,420.0
2026-09-22 01:13:11,session_20260922_011311_e7a71e78,EASY,TestMaze,4242,COMPLETED,0.1,168.5,234.6,100.0,94.4,88.2,0,0,3,168.5,168.5,200.0,234.6,1.0,94.4,10.7,23.2,13.9,0.0,0.0,0,100.0,2680.6,2552.4,88.2,88.2,0.0,0.0,145.0,60.0
2026-09-22 01:13:57,session_20260922_011357_f22273e8,EASY,TestCorridor,FIXED,COMPLETED,0.06,167.3,200.0,100.0,92.7,89.9,0,0,4,167.3,167.3,200.0,200.0,1.0,92.7,11.7,22.4,15.8,0.0,0.0,0,100.0,4204.3,3484.8,89.9,89.9,0.0,0.0,145.0,50.0
2026-09-22 01:13:57,session_20260922_011357_091e2291,EASY,TestCorridor,FIXED,COMPLETED,0.06,167.3,200.0,100.0,92.7,89.9,0,0,4,167.3,167.3,200.0,200.0,1.0,92.7,11.7,22.4,15.8,0.0,0.0,0,100.0,4204.3,3484.8,89.9,89.9,0.0,0.0,145.0,50.0
2026-09-22 01:14:14,session_20260922_011414_5f89abf4,EASY,Easy-1: Gentle Flow,FIXED,COMPLETED,0.2,1532.8,877.4,57.2,100.0,59.7,1,0,6,1532.8,1532.8,833.5,877.4,0.572,100.0,0.0,0.0,0.0,0.0,0.0,0,100.0,9929.5,9289.5,59.7,59.7,96.0308,0.0,720.0,420.0
2026-09-22 01:21:05,session_20260922_012105_7e0f0345,EASY,TestCorridor,FIXED,COMPLETED,0.06,167.3,200.0,100.0,92.7,89.9,0,0,4,167.3,167.3,200.0,200.0,1.0,92.7,11.7,22.4,15.8,0.0,0.0,0,100.0,4204.3,3484.8,89.9,89.9,0.0,0.0,145.0,50.0
2026-09-22 01:21:06,session_20260922_012106_344ca778,EASY,TestCorridor,FIXED,COMPLETED,0.06,167.3,200.0,100.0,92.7,89.9,0,0,4,167.3,167.3,200.0,200.0,1.0,92.7,11.7,22.4,15.8,0.0,0.0,0,100.0,4204.3,3484.8,89.9,89.9,0.0,0.0,145.0,50.0
2026-09-22 01:21:32,session_20260922_012132_73e71f0a,EASY,Easy-1: Gentle Flow,FIXED,COMPLETED,0.2,1532.8,877.4,57.2,100.0,59.7,1,0,6,1532.8,1532.8,833.5,877.4,0.572,100.0,0.0,0.0,0.0,0.0,0.0,0,100.0,9929.5,9289.5,59.7,59.7,96.0308,0.0,720.0,420.0
2026-09-22 01:26:02,session_20260922_012602_4b052b91,EASY,TestCorridor,FIXED,COMPLETED,0.06,167.3,200.0,100.0,92.7,89.9,0,0,4,167.3,167.3,200.0,200.0,1.0,92.7,11.7,22.4,15.8,0.0,0.0,0,100.0,4204.3,3484.8,89.9,89.9,0.0,0.0,145.0,50.0
2026-09-22 01:26:02,session_20260922_012602_87830544,EASY,TestCorridor,FIXED,COMPLETED,0.06,167.3,200.0,100.0,92.7,89.9,0,0,4,167.3,167.3,200.0,200.0,1.0,92.7,11.7,22.4,15.8,0.0,0.0,0,100.0,4204.3,3484.8,89.9,89.9,0.0,0.0,145.0,50.0
2026-09-22 01:26:20,session_20260922_012620_5a56545b,EASY,Easy-1: Gentle Flow,FIXED,COMPLETED,0.2,1532.8,877.4,57.2,100.0,59.7,1,0,6,1532.8,1532.8,833.5,877.4,0.572,100.0,0.0,0.0,0.0,0.0,0.0,0,100.0,9929.5,9289.5,59.7,59.7,96.0308,0.0,720.0,420.0
2026-09-22 01:27:14,session_20260922_012714_ae9a1a15,EASY,Easy-1: Gentle Flow,FIXED,COMPLETED,0.2,1532.8,877.4,57.2,100.0,59.7,1,0,6,1532.8,1532.8,833.5,877.4,0.572,100.0,0.0,0.0,0.0,0.0,0.0,0,100.0,9929.5,9289.5,59.7,59.7,96.0308,0.0,720.0,420.0
2026-09-22 01:32:35,session_20260922_013235_afd15e79,EASY,TestCorridor,FIXED,COMPLETED,0.06,167.3,200.0,100.0,92.7,89.9,0,0,4,167.3,167.3,200.0,200.0,1.0,92.7,11.7,22.4,15.8,0.0,0.0,0,100.0,4204.3,3484.8,89.9,89.9,0.0,0.0,145.0,50.0
2026-09-22 01:32:35,session_20260922_013235_28534211,EASY,TestCorridor,FIXED,COMPLETED,0.06,167.3,200.0,100.0,92.7,89.9,0,0,4,167.3,167.3,200.0,200.0,1.0,92.7,11.7,22.4,15.8,0.0,0.0,0,100.0,4204.3,3484.8,89.9,89.9,0.0,0.0,145.0,50.0
2026-09-22 01:32:55,session_20260922_013255_0f3a2391,EASY,Easy-1: Gentle Flow,FIXED,COMPLETED,0.2,1532.8,877.4,57.2,100.0,59.7,1,0,6,1532.8,1532.8,833.5,877.4,0.572,100.0,0.0,0.0,0.0,0.0,0.0,0,100.0,9929.5,9289.5,59.7,59.7,96.0308,0.0,720.0,420.0
2026-09-22 01:36:19,session_20260922_013619_4ce78caf,EASY,Easy-1: Gentle Flow,FIXED,COMPLETED,0.0,877.5,877.4,100.0,79.0,38.4,0,0,3
2026-09-22 01:36:19,session_20260922_013619_7832d009,EASY,Easy-1: Gentle Flow,FIXED,COMPLETED,0.05,0.0,877.4,0.0,0.0,100.0,0,0,1
2026-09-22 01:36:19,session_20260922_013619_b9f85568,EASY,Easy-1: Gentle Flow,FIXED,COMPLETED,0.01,0.0,877.4,0.0,0.0,100.0,0,0,1
2026-09-22 01:37:46,session_20260922_013746_070cf006,EASY,Easy-1: Gentle Flow,FIXED,COMPLETED,0.0,877.5,877.4,100.0,79.0,38.4,0,0,3
2026-09-22 01:37:46,session_20260922_013746_c8be0fe4,EASY,Easy-1: Gentle Flow,FIXED,COMPLETED,0.05,0.0,877.4,0.0,0.0,100.0,0,0,1
2026-09-22 01:37:46,session_20260922_013746_2292698c,EASY,Easy-1: Gentle Flow,FIXED,COMPLETED,0.01,0.0,877.4,0.0,0.0,100.0,0,0,1
2026-09-22 01:38:32,session_20260922_013832_ce1107bb,EASY,Easy-1: Gentle Flow,FIXED,COMPLETED,0.0,877.5,877.4,100.0,79.0,38.4,0,0,3
2026-09-22 01:38:32,session_20260922_013832_2933684a,EASY,Easy-1: Gentle Flow,FIXED,COMPLETED,0.05,0.0,877.4,0.0,0.0,100.0,0,0,1
2026-09-22 01:38:33,session_20260922_013833_7f9506de,EASY,Easy-1: Gentle Flow,FIXED,COMPLETED,0.01,0.0,877.4,0.0,0.0,100.0,0,0,1
2026-09-22 01:39:06,session_20260922_013906_6bc068f1,EASY,Easy-1: Gentle Flow,FIXED,COMPLETED,0.0,877.5,877.4,100.0,79.0,38.4,0,0,3
2026-09-22 01:39:06,session_20260922_013906_76cb2746,EASY,Easy-1: Gentle Flow,FIXED,COMPLETED,0.05,0.0,877.4,0.0,0.0,100.0,0,0,1
2026-09-22 01:39:06,session_20260922_013906_5b7b4cac,EASY,Easy-1: Gentle Flow,FIXED,COMPLETED,0.01,0.0,877.4,0.0,0.0,100.0,0,0,1
2026-09-22 01:39:18,session_20260922_013918_3d148060,EASY,TestCorridor,FIXED,COMPLETED,0.06,167.3,200.0,100.0,92.7,89.9,0,0,4,167.3,167.3,200.0,200.0,1.0,92.7,11.7,22.4,15.8,0.0,0.0,0,100.0,4204.3,3484.8,89.9,89.9,0.0,0.0,145.0,50.0
2026-09-22 01:39:18,session_20260922_013918_502c5481,EASY,TestCorridor,FIXED,COMPLETED,0.06,167.3,200.0,100.0,92.7,89.9,0,0,4,167.3,167.3,200.0,200.0,1.0,92.7,11.7,22.4,15.8,0.0,0.0,0,100.0,4204.3,3484.8,89.9,89.9,0.0,0.0,145.0,50.0
2026-09-22 01:39:32,session_20260922_013932_9ad269db,EASY,Easy-1: Gentle Flow,FIXED,COMPLETED,0.0,877.5,877.4,100.0,79.0,38.4,0,0,3
2026-09-22 01:39:32,session_20260922_013932_1e486201,EASY,Easy-1: Gentle Flow,FIXED,COMPLETED,0.05,0.0,877.4,0.0,0.0,100.0,0,0,1
2026-09-22 01:39:32,session_20260922_013932_bf0a3303,EASY,Easy-1: Gentle Flow,FIXED,COMPLETED,0.01,0.0,877.4,0.0,0.0,100.0,0,0,1
2026-09-22 06:26:23,session_20260922_062623_0b2f3c8e,EASY,Easy-1: Gentle Flow,FIXED,COMPLETED,4.81,813.4,877.4,100.0,68.9,67.2,0,2,78,813.4,813.4,833.5,877.4,1.0,68.9,36.2,129.2,54.0,1.59,33.7,2,66.3,7802.5,247.8,67.2,67.2,204877.8548,0.0495,360.6,226.2
2026-09-22 06:26:36,session_20260922_062636_d5be4779,EASY,Easy-1: Gentle Flow,FIXED,COMPLETED,5.99,1407.1,877.4,62.4,36.4,83.6,21,2,87,1407.1,1407.1,833.5,877.4,0.624,36.4,81.8,165.2,98.5,3.85,64.9,2,35.1,6104.1,228.3,83.6,83.6,62082.0259,0.0301,671.4,488.9
2026-09-22 06:26:51,session_20260922_062651_b4f0df5a,EASY,Easy-1: Gentle Flow,FIXED,COMPLETED,10.49,1665.1,877.4,52.7,25.1,80.5,0,2,154,1665.1,1665.1,833.5,877.4,0.527,25.1,102.3,227.2,119.1,8.06,77.3,2,22.7,6425.3,177.5,80.5,80.5,277791.3347,0.0118,690.7,495.4
2026-09-22 06:27:08,session_20260922_062708_d83f395e,EASY,Easy-1: Gentle Flow,FIXED,COMPLETED,10.91,970.9,877.4,90.4,38.3,83.9,0,3,163,970.9,970.9,833.5,877.4,0.904,38.3,73.8,123.0,87.1,6.92,63.9,3,36.1,3084.8,94.8,83.9,83.9,166169.2187,0.0059,634.1,508.6
2026-09-22 06:27:28,session_20260922_062728_e7ba120d,EASY,Easy-1: Gentle Flow,FIXED,COMPLETED,15.16,1989.5,877.4,44.1,18.0,78.9,73,3,222,1989.5,1989.5,833.5,877.4,0.441,18.0,95.5,143.3,102.9,13.11,86.9,3,13.1,8770.2,141.9,78.9,78.9,865099.5297,0.0048,748.9,489.2
2026-09-22 06:35:02,session_20260922_063502_cf1d381d,EASY,Easy-1: Gentle Flow,FIXED,COMPLETED,2.32,181.8,877.4,100.0,96.8,84.1,0,0,33,181.8,181.8,833.5,877.4,1.0,96.8,8.1,17.6,10.2,0.0,0.0,0,100.0,164.7,82.1,84.1,84.1,140.5322,0.0585,141.4,101.1
2026-09-22 06:35:27,session_20260922_063527_bc3113f6,EASY,Easy-1: Gentle Flow,FIXED,COMPLETED,3.44,115.8,877.4,100.0,97.0,78.4,0,0,49,115.8,115.8,833.5,877.4,1.0,97.0,9.3,14.2,9.8,0.0,0.0,0,100.0,128.4,34.8,78.4,78.4,472.0797,0.0419,63.8,56.4
2026-09-22 06:35:39,session_20260922_063539_14a5d5a2,EASY,Conceptual Rehab Maze,FIXED,COMPLETED,3.29,948.6,705.0,74.3,8.7,77.1,1,1,47,948.6,948.6,692.0,705.0,0.743,8.7,117.5,147.8,122.4,3.14,97.6,1,2.4,4751.3,275.5,77.1,77.1,13511.6214,0.2751,492.3,305.8
2026-09-22 06:40:40,session_20260922_064040_ddf94633,EASY,Easy-1: Gentle Flow,FIXED,COMPLETED,12.98,832.1,877.4,100.0,78.9,81.4,0,2,188,832.1,832.1,833.5,877.4,1.0,78.9,24.9,68.5,30.2,2.74,21.2,2,78.8,509.6,69.1,81.4,81.4,96451.0625,0.0094,663.0,379.3
2026-09-22 06:41:15,session_20260922_064115_c8f34ff3,EASY,Conceptual Rehab Maze,FIXED,COMPLETED,9.51,781.4,705.0,90.2,82.4,85.7,0,3,137,781.4,781.4,692.0,705.0,0.902,82.4,22.3,77.4,27.3,1.21,12.8,3,87.2,543.9,87.5,85.7,85.7,36823.9328,0.0137,522.2,349.0
2026-09-22 06:41:44,session_20260922_064144_b1de1e59,EASY,Conceptual Rehab Maze,FIXED,COMPLETED,7.95,728.5,705.0,96.8,86.7,88.3,0,1,117,728.5,728.5,692.0,705.0,0.968,86.7,18.8,41.3,22.2,0.4,5.0,1,95.0,324.1,94.0,88.3,88.3,9324.9183,0.0184,538.0,353.1
2026-09-22 06:52:51,session_20260922_065251_c8438cff,EASY,Easy-1: Gentle Flow,FIXED,COMPLETED,7.42,821.7,877.4,100.0,77.1,81.1,0,1,106,821.7,821.7,833.5,877.4,1.0,77.1,26.1,70.8,32.2,1.84,25.0,1,75.0,245.4,113.1,81.1,81.1,10677.0288,0.0234,660.7,362.2
2026-09-22 07:10:58,session_20260922_071058_4e18e02a,EASY,Easy-1: Gentle Flow,FIXED,COMPLETED,0.05,0.0,877.4,0.0,0.0,100.0,0,0,1
2026-09-22 07:10:58,session_20260922_071058_ac6be0f7,EASY,Easy-1: Gentle Flow,FIXED,COMPLETED,0.01,0.0,877.4,0.0,0.0,100.0,0,0,1
2026-09-22 07:13:30,session_20260922_071330_93cadd24,EASY,TestCorridor,FIXED,COMPLETED,0.05,117.3,200.0,100.0,95.1,79.8,0,0,3,117.3,117.3,200.0,200.0,1.0,95.1,8.2,22.4,13.0,0.0,0.0,0,100.0,4204.3,3664.6,79.8,79.8,0.0,0.0,95.0,50.0
2026-09-22 07:13:30,session_20260922_071330_50263ef9,EASY,TestCorridor,FIXED,COMPLETED,0.05,117.3,200.0,100.0,95.1,79.8,0,0,3,117.3,117.3,200.0,200.0,1.0,95.1,8.2,22.4,13.0,0.0,0.0,0,100.0,4204.3,3664.6,79.8,79.8,0.0,0.0,95.0,50.0
2026-09-22 07:13:48,session_20260922_071348_72b8b9fd,EASY,Easy-1: Gentle Flow,FIXED,COMPLETED,0.05,0.0,877.4,0.0,0.0,100.0,0,0,1
2026-09-22 07:13:48,session_20260922_071348_36045a9a,EASY,Easy-1: Gentle Flow,FIXED,COMPLETED,0.0,0.0,877.4,0.0,0.0,100.0,0,0,1
2026-09-22 07:14:14,session_20260922_071414_3f35205c,EASY,Easy-1: Gentle Flow,FIXED,COMPLETED,0.0,821.0,877.4,100.0,100.0,100.0,0,0,2
2026-09-22 07:14:14,session_20260922_071414_22083a1a,EASY,Easy-1: Gentle Flow,FIXED,COMPLETED,0.05,0.0,877.4,0.0,0.0,100.0,0,0,1
2026-09-22 07:14:14,session_20260922_071414_29924a7a,EASY,Easy-1: Gentle Flow,FIXED,COMPLETED,0.01,0.0,877.4,0.0,0.0,100.0,0,0,1
2026-09-22 07:14:27,session_20260922_071427_eeaa6f37,EASY,TestCorridor,FIXED,COMPLETED,0.05,117.3,200.0,100.0,95.1,79.8,0,0,3,117.3,117.3,200.0,200.0,1.0,95.1,8.2,22.4,13.0,0.0,0.0,0,100.0,4204.3,3664.6,79.8,79.8,0.0,0.0,95.0,50.0
2026-09-22 07:14:27,session_20260922_071427_f3ab2571,EASY,TestCorridor,FIXED,COMPLETED,0.05,117.3,200.0,100.0,95.1,79.8,0,0,3,117.3,117.3,200.0,200.0,1.0,95.1,8.2,22.4,13.0,0.0,0.0,0,100.0,4204.3,3664.6,79.8,79.8,0.0,0.0,95.0,50.0
2026-09-22 07:14:45,session_20260922_071445_848aff0a,EASY,Easy-1: Gentle Flow,FIXED,COMPLETED,0.0,821.0,877.4,100.0,100.0,100.0,0,0,2
2026-09-22 07:14:45,session_20260922_071445_066559aa,EASY,Easy-1: Gentle Flow,FIXED,COMPLETED,0.05,0.0,877.4,0.0,0.0,100.0,0,0,1
2026-09-22 07:14:45,session_20260922_071445_e624a1da,EASY,Easy-1: Gentle Flow,FIXED,COMPLETED,0.0,0.0,877.4,0.0,0.0,100.0,0,0,1
2026-09-22 07:19:26,session_20260922_071926_ea57dcfe,EASY,TestCorridor,FIXED,COMPLETED,0.05,117.3,200.0,100.0,95.1,79.8,0,0,3,117.3,117.3,200.0,200.0,1.0,95.1,8.2,22.4,13.0,0.0,0.0,0,100.0,4204.3,3664.6,79.8,79.8,0.0,0.0,95.0,50.0
2026-09-22 07:19:26,session_20260922_071926_043f67ae,EASY,TestCorridor,FIXED,COMPLETED,0.05,117.3,200.0,100.0,95.1,79.8,0,0,3,117.3,117.3,200.0,200.0,1.0,95.1,8.2,22.4,13.0,0.0,0.0,0,100.0,4204.3,3664.6,79.8,79.8,0.0,0.0,95.0,50.0
2026-09-22 07:19:55,session_20260922_071955_3600b11f,EASY,Easy-1: Gentle Flow,FIXED,COMPLETED,0.0,821.0,833.5,100.0,100.0,100.0,0,0,2
2026-09-22 07:19:55,session_20260922_071955_4af29eea,EASY,Easy-1: Gentle Flow,FIXED,COMPLETED,0.05,0.0,833.5,0.0,0.0,100.0,0,0,1
2026-09-22 07:19:55,session_20260922_071955_793abfef,EASY,Easy-1: Gentle Flow,FIXED,COMPLETED,0.0,0.0,833.5,0.0,0.0,100.0,0,0,1
2026-09-22 07:28:49,session_20260922_072849_17b5c0a6,EASY,TestCorridor,FIXED,COMPLETED,0.05,117.3,200.0,100.0,95.1,79.8,0,0,3,117.3,117.3,200.0,200.0,1.0,95.1,8.2,22.4,13.0,0.0,0.0,0,100.0,4204.3,3664.6,79.8,79.8,0.0,0.0,95.0,50.0
2026-09-22 07:28:49,session_20260922_072849_44fcba8d,EASY,TestCorridor,FIXED,COMPLETED,0.05,117.3,200.0,100.0,95.1,79.8,0,0,3,117.3,117.3,200.0,200.0,1.0,95.1,8.2,22.4,13.0,0.0,0.0,0,100.0,4204.3,3664.6,79.8,79.8,0.0,0.0,95.0,50.0
2026-09-22 07:29:07,session_20260922_072907_68a537b8,EASY,TestCorridor,FIXED,COMPLETED,0.05,117.3,200.0,100.0,95.1,79.8,0,0,3,117.3,117.3,200.0,200.0,1.0,95.1,8.2,22.4,13.0,0.0,0.0,0,100.0,4204.3,3664.6,79.8,79.8,0.0,0.0,95.0,50.0
2026-09-22 07:29:07,session_20260922_072907_07f66fae,EASY,TestCorridor,FIXED,COMPLETED,0.05,117.3,200.0,100.0,95.1,79.8,0,0,3,117.3,117.3,200.0,200.0,1.0,95.1,8.2,22.4,13.0,0.0,0.0,0,100.0,4204.3,3664.6,79.8,79.8,0.0,0.0,95.0,50.0
2026-09-22 07:29:16,session_20260922_072916_3ee18cc8,EASY,TestCorridor,FIXED,COMPLETED,0.05,117.3,200.0,100.0,95.1,79.8,0,0,3,117.3,117.3,200.0,200.0,1.0,95.1,8.2,22.4,13.0,0.0,0.0,0,100.0,4204.3,3664.6,79.8,79.8,0.0,0.0,95.0,50.0
2026-09-22 07:29:16,session_20260922_072916_69b7084f,EASY,TestCorridor,FIXED,COMPLETED,0.05,117.3,200.0,100.0,95.1,79.8,0,0,3,117.3,117.3,200.0,200.0,1.0,95.1,8.2,22.4,13.0,0.0,0.0,0,100.0,4204.3,3664.6,79.8,79.8,0.0,0.0,95.0,50.0
2026-09-22 07:29:43,session_20260922_072943_66334c5f,EASY,Easy-1: Gentle Flow,FIXED,COMPLETED,0.0,821.0,833.5,100.0,100.0,100.0,0,0,2
2026-09-22 07:29:43,session_20260922_072943_b077d255,EASY,Easy-1: Gentle Flow,FIXED,COMPLETED,0.05,0.0,833.5,0.0,0.0,100.0,0,0,1
2026-09-22 07:29:44,session_20260922_072944_222e83f7,EASY,Easy-1: Gentle Flow,FIXED,COMPLETED,0.01,0.0,833.5,0.0,0.0,100.0,0,0,1
2026-09-22 09:54:58,session_20260922_095458_3900e4d5,EASY,Easy-1: Gentle Flow,FIXED,COMPLETED,3.97,1015.7,833.5,82.1,23.6,73.8,8,1,115,1015.7,1015.7,833.5,833.5,0.821,23.6,75.2,202.7,79.9,3.43,86.9,1,13.1,10314.0,312.4,73.8,73.8,143490.5108,0.1815,495.7,298.6
2026-09-22 09:55:08,session_20260922_095508_15b5ca1b,EASY,Easy-1: Gentle Flow,FIXED,COMPLETED,1.61,339.9,833.5,100.0,32.2,76.1,1,1,49,339.9,339.9,833.5,833.5,1.0,32.2,62.8,84.6,65.0,1.46,92.0,1,8.0,1704.0,218.8,76.1,76.1,1150.6528,0.2053,195.7,156.9
2026-09-22 10:04:17,session_20260922_100417_e220a8c1,EASY,Easy-1: Gentle Flow,FIXED,COMPLETED,2.3,451.0,833.5,100.0,24.2,79.5,0,1,69,451.0,451.0,833.5,833.5,1.0,24.2,70.6,84.6,72.8,2.06,90.8,1,9.2,565.7,202.4,79.5,79.5,2348.0721,0.0644,347.6,135.6
2026-09-22 10:27:10,session_20260922_102710_60dd8ac2,MEDIUM,Medium-1: Dual Pathways,FIXED,COMPLETED,7.13,1769.9,1017.3,57.5,67.8,73.2,5,2,108,1769.9,1769.9,915.9,1017.3,0.575,67.8,44.0,167.9,67.5,2.06,29.2,2,70.8,1261.8,251.5,73.2,73.2,51592.0369,0.0052,564.6,530.2
2026-09-22 10:35:18,session_20260922_103518_e33c8698,EASY,TestCorridor,FIXED,COMPLETED,0.05,117.3,200.0,100.0,95.1,79.8,0,0,3,117.3,117.3,200.0,200.0,1.0,95.1,8.2,22.4,13.0,0.0,0.0,0,100.0,4204.3,3664.6,79.8,79.8,0.0,0.0,95.0,50.0
2026-09-22 10:35:18,session_20260922_103518_bfce6352,EASY,TestCorridor,FIXED,COMPLETED,0.05,117.3,200.0,100.0,95.1,79.8,0,0,3,117.3,117.3,200.0,200.0,1.0,95.1,8.2,22.4,13.0,0.0,0.0,0,100.0,4204.3,3664.6,79.8,79.8,0.0,0.0,95.0,50.0
2026-09-22 10:35:50,session_20260922_103550_205c5234,EASY,Easy-1: Gentle Flow,FIXED,COMPLETED,0.05,0.0,833.5,0.0,0.0,100.0,0,0,1
2026-09-22 10:35:50,session_20260922_103550_660ccbed,EASY,Easy-1: Gentle Flow,FIXED,COMPLETED,0.01,0.0,833.5,0.0,0.0,100.0,0,0,1
2026-09-22 10:40:29,session_20260922_104029_771762ed,EASY,Easy-1: Gentle Flow,FIXED,COMPLETED,0.0,821.0,833.5,100.0,100.0,100.0,0,0,2
2026-09-22 10:40:29,session_20260922_104029_9d680fa5,EASY,Easy-1: Gentle Flow,FIXED,COMPLETED,0.05,0.0,833.5,0.0,0.0,100.0,0,0,1
2026-09-22 10:40:29,session_20260922_104029_bbd72f15,EASY,Easy-1: Gentle Flow,FIXED,COMPLETED,0.01,0.0,833.5,0.0,0.0,100.0,0,0,1
2026-09-22 10:40:44,session_20260922_104044_79d6d2aa,EASY,TestCorridor,FIXED,COMPLETED,0.05,117.3,200.0,100.0,95.1,79.8,0,0,3,117.3,117.3,200.0,200.0,1.0,95.1,8.2,22.4,13.0,0.0,0.0,0,100.0,4204.3,3664.6,79.8,79.8,0.0,0.0,95.0,50.0
2026-09-22 10:40:44,session_20260922_104044_3ff239e5,EASY,TestCorridor,FIXED,COMPLETED,0.05,117.3,200.0,100.0,95.1,79.8,0,0,3,117.3,117.3,200.0,200.0,1.0,95.1,8.2,22.4,13.0,0.0,0.0,0,100.0,4204.3,3664.6,79.8,79.8,0.0,0.0,95.0,50.0
2026-09-22 10:41:14,session_20260922_104114_bf63e043,EASY,Easy-1: Gentle Flow,FIXED,COMPLETED,0.0,821.0,833.5,100.0,100.0,100.0,0,0,2
2026-09-22 10:41:15,session_20260922_104115_420868f2,EASY,Easy-1: Gentle Flow,FIXED,COMPLETED,0.05,0.0,833.5,0.0,0.0,100.0,0,0,1
2026-09-22 10:41:15,session_20260922_104115_44b8dbb1,EASY,Easy-1: Gentle Flow,FIXED,COMPLETED,0.01,0.0,833.5,0.0,0.0,100.0,0,0,1
2026-09-22 10:44:44,session_20260922_104444_9db58fdc,EASY,TestCorridor,FIXED,COMPLETED,0.05,117.3,200.0,100.0,95.1,79.8,0,0,3,117.3,117.3,200.0,200.0,1.0,95.1,8.2,22.4,13.0,0.0,0.0,0,100.0,4204.3,3664.6,79.8,79.8,0.0,0.0,95.0,50.0
2026-09-22 10:44:44,session_20260922_104444_5a3c1157,EASY,TestCorridor,FIXED,COMPLETED,0.05,117.3,200.0,100.0,95.1,79.8,0,0,3,117.3,117.3,200.0,200.0,1.0,95.1,8.2,22.4,13.0,0.0,0.0,0,100.0,4204.3,3664.6,79.8,79.8,0.0,0.0,95.0,50.0
2026-09-22 10:45:12,session_20260922_104512_eee468c1,EASY,Easy-1: Gentle Flow,FIXED,COMPLETED,0.0,821.0,833.5,100.0,100.0,100.0,0,0,2
2026-09-22 10:45:12,session_20260922_104512_4c1b4a9a,EASY,Easy-1: Gentle Flow,FIXED,COMPLETED,0.05,0.0,833.5,0.0,0.0,100.0,0,0,1
2026-09-22 10:45:12,session_20260922_104512_d6b68e84,EASY,Easy-1: Gentle Flow,FIXED,COMPLETED,0.01,0.0,833.5,0.0,0.0,100.0,0,0,1
2026-09-22 10:50:00,session_20260922_105000_1546cf27,EASY,Easy-1: Gentle Flow,FIXED,COMPLETED,3.98,995.1,833.5,83.8,92.7,73.9,0,0,120,995.1,995.1,833.5,833.5,0.838,92.7,13.9,35.7,15.9,0.0,0.0,0,100.0,1229.3,255.5,73.9,73.9,31381.3787,0.0405,664.5,388.1
2026-09-22 10:52:10,session_20260922_105210_59052f2b,EASY,Conceptual Rehab Maze,FIXED,COMPLETED,5.38,712.7,705.8,99.0,94.0,75.6,0,0,159,712.7,712.7,692.0,705.8,0.99,94.0,12.1,29.2,14.4,0.0,0.0,0,100.0,406.3,137.5,75.6,75.6,38757.8208,0.0261,474.6,372.6
2026-09-22 11:38:56,session_20260922_113856_c9b5737b,EASY,Easy-1: Gentle Flow,FIXED,COMPLETED,4.88,783.8,833.5,100.0,90.4,81.1,0,0,79,783.8,783.8,833.5,833.5,1.0,90.4,13.8,41.2,19.0,0.06,1.2,0,98.8,636.6,161.5,81.1,81.1,25423.1694,0.0255,621.8,360.6
2026-09-22 11:39:22,session_20260922_113922_2dba4e8a,EASY,Conceptual Rehab Maze,FIXED,COMPLETED,6.28,892.4,705.8,79.1,81.5,78.3,0,2,188,892.4,892.4,692.0,705.8,0.791,81.5,21.1,54.5,28.0,1.7,27.2,2,72.8,1424.8,146.3,78.3,78.3,115193.7795,0.0264,490.0,384.4
2026-09-22 11:45:26,session_20260922_114526_4d465b15,MEDIUM,Medium-1: Dual Pathways,FIXED,COMPLETED,8.18,1563.3,1017.3,65.1,77.4,70.2,7,6,125,1563.3,1563.3,915.9,1017.3,0.651,77.4,26.6,80.8,31.2,1.69,20.8,6,79.2,884.2,195.2,70.2,70.2,43924.774,0.0157,820.8,476.0
2026-09-22 11:46:08,session_20260922_114608_1bab4d2f,MEDIUM,Medium-1: Dual Pathways,FIXED,COMPLETED,3.57,1115.0,1017.3,91.2,84.9,86.6,0,1,54,1115.0,1115.0,915.9,1017.3,0.912,84.9,20.2,69.5,25.7,0.32,9.1,1,90.9,837.9,318.0,86.6,86.6,2816.4642,0.0272,785.0,439.0
2026-09-22 11:46:43,session_20260922_114643_c128ae6c,MEDIUM,Medium-1: Dual Pathways,FIXED,COMPLETED,3.82,1417.4,1017.3,71.8,66.0,75.9,3,3,58,1417.4,1417.4,915.9,1017.3,0.718,66.0,39.9,204.7,55.2,1.59,42.2,3,57.8,2525.0,378.9,75.9,75.9,7110.1743,0.0148,852.0,460.0
2026-09-22 11:46:58,session_20260922_114658_25391fb2,MEDIUM,Medium-1: Dual Pathways,FIXED,COMPLETED,4.82,1756.3,1017.3,57.9,28.9,80.0,32,4,73,1756.3,1756.3,915.9,1017.3,0.579,28.9,123.5,308.1,154.9,3.55,74.8,4,25.2,1489.9,365.6,80.0,80.0,10389.8029,0.0063,868.0,457.8
2026-09-22 11:47:30,session_20260922_114730_afd1dbb5,MEDIUM,Medium-1: Dual Pathways,FIXED,COMPLETED,21.06,9296.3,1017.3,10.9,43.0,65.5,400,7,613,9296.3,9296.3,915.9,1017.3,0.109,43.0,121.1,330.2,164.2,12.28,58.4,7,41.6,16433.5,453.7,65.5,65.5,27093677.7826,0.02,749.3,637.5
2026-09-22 11:48:08,session_20260922_114808_5ab732ad,MEDIUM,Medium-1: Dual Pathways,FIXED,COMPLETED,14.48,8194.3,1017.3,12.4,19.2,62.4,208,8,340,8194.3,8194.3,915.9,1017.3,0.124,19.2,162.9,350.6,188.7,10.24,71.0,8,29.0,11497.3,584.2,62.4,62.4,8402763.8583,0.0349,794.0,628.4
2026-09-22 11:48:40,session_20260922_114840_5630e545,MEDIUM,Medium-1: Dual Pathways,FIXED,COMPLETED,8.12,1867.4,1017.3,54.5,81.2,73.2,10,3,124,1867.4,1867.4,915.9,1017.3,0.545,81.2,22.1,54.9,28.0,1.93,23.9,3,76.1,1335.5,235.6,73.2,73.2,96077.1376,0.0132,719.8,480.4
2026-09-22 11:54:05,session_20260922_115405_934b062c,EASY,Easy-1: Gentle Flow,FIXED,COMPLETED,4.04,936.7,833.5,89.0,78.8,75.6,0,2,121,936.7,936.7,833.5,833.5,0.89,78.8,26.1,49.4,28.8,0.64,15.9,2,84.1,1767.1,241.2,75.6,75.6,32509.7811,0.0233,647.2,382.2
2026-09-22 15:10:52,session_20260922_151052_072dbdb1,EASY,Easy-1: Gentle Flow,FIXED,COMPLETED,43.83,973.1,833.5,85.7,2.6,77.3,37,1,664,973.1,973.1,833.5,833.5,0.857,2.6,277.5,293.5,283.2,43.17,98.6,1,1.4,2620.8,22.9,77.3,77.3,6364518.5233,0.0134,315.6,511.7
2026-09-22 15:11:54,session_20260922_151154_c0e1a85b,EASY,Conceptual Rehab Maze,FIXED,COMPLETED,5.34,743.4,705.8,94.9,75.0,88.4,0,2,81,743.4,743.4,692.0,705.8,0.949,75.0,29.2,51.9,31.5,1.26,23.9,2,76.1,316.3,142.2,88.4,88.4,3326.0841,0.0288,530.6,392.9
2026-09-22 15:13:06,session_20260922_151306_76f341b8,EASY,Easy-3: Three Rooms,FIXED,COMPLETED,11.19,996.8,986.6,99.0,94.6,80.7,0,0,179,996.8,996.8,954.1,986.6,0.99,94.6,9.9,39.3,13.8,0.0,0.0,0,100.0,849.8,106.4,80.7,80.7,387539.2135,0.0143,737.6,473.8
2026-09-22 15:13:19,session_20260922_151319_1d418b0e,EASY,Easy-4: S-Curve,FIXED,COMPLETED,5.83,1012.8,990.9,97.8,79.9,81.6,0,1,91,1012.8,1012.8,954.1,990.9,0.978,79.9,24.2,81.2,33.0,1.09,19.0,1,81.0,1376.8,209.4,81.6,81.6,108937.6063,0.0118,743.4,475.8
2026-09-22 21:43:35,session_20260922_214335_c3b1eb2c,EASY,TestCorridor,FIXED,COMPLETED,0.05,117.3,200.0,100.0,95.1,79.8,0,0,3,117.3,117.3,200.0,200.0,1.0,95.1,8.2,22.4,13.0,0.0,0.0,0,100.0,4204.3,3664.6,79.8,79.8,0.0,0.0,95.0,50.0
2026-09-22 21:43:35,session_20260922_214335_e1950f0a,EASY,TestCorridor,FIXED,COMPLETED,0.05,117.3,200.0,100.0,95.1,79.8,0,0,3,117.3,117.3,200.0,200.0,1.0,95.1,8.2,22.4,13.0,0.0,0.0,0,100.0,4204.3,3664.6,79.8,79.8,0.0,0.0,95.0,50.0
2026-09-22 21:44:10,session_20260922_214410_1da3a40b,EASY,Easy-1: Gentle Flow,FIXED,COMPLETED,0.0,821.0,833.5,100.0,100.0,100.0,0,0,2
2026-09-22 21:44:11,session_20260922_214411_6d807af0,EASY,Easy-1: Gentle Flow,FIXED,COMPLETED,0.05,0.0,833.5,0.0,0.0,100.0,0,0,1
2026-09-22 21:44:11,session_20260922_214411_2a98fe7a,EASY,Easy-1: Gentle Flow,FIXED,COMPLETED,0.01,0.0,833.5,0.0,0.0,100.0,0,0,1
